"","sample_name_withRun","tru_name"
"1","NF_0002","NF_0002"
"2","NF_0006","NF_0006"
"3","NF_0010","NF_0010"
"4","NF_0011","NF_0011"
"5","NF_0012","NF_0012"
"6","NF_0013","NF_0013"
"7","NF_0014","NF_0014"
"8","NF_0025","NF_0025"
"9","NF_0026","NF_0026"
"10","NF_0027","NF_0027"
"11","NF_0028","NF_0028"
"12","NF_0029","NF_0029"
"13","NF_0030","NF_0030"
"14","NF_0031","NF_0031"
"15","NF_0032","NF_0032"
"16","NF_0034","NF_0034"
"17","NF_0037","NF_0037"
"18","NF_0038","NF_0038"
"19","NF_0039","NF_0039"
"20","NF_0040","NF_0040"
"21","NF_0041","NF_0041"
"22","NF_0042","NF_0042"
"23","NF_0043","NF_0043"
"24","NF_0044","NF_0044"
"25","NF_0045","NF_0045"
"26","NF_0046","NF_0046"
"27","NF_0047","NF_0047"
"28","NF_0048","NF_0048"
"29","NF_0050","NF_0050"
"30","NF_0051","NF_0051"
"31","NF_0052","NF_0052"
"32","NF_0053","NF_0053"
"33","NF_0055","NF_0055"
"34","NF_0056","NF_0056"
"35","NF_0057","NF_0057"
"36","NF_0058","NF_0058"
"37","NF_0061","NF_0061"
"38","NF_0063","NF_0063"
"39","NF_0064","NF_0064"
"40","NF_0065","NF_0065"
"41","NF_0066","NF_0066"
"42","NF_0067","NF_0067"
"43","NF_0068","NF_0068"
"44","NF_0069","NF_0069"
"45","NF_0070","NF_0070"
"46","NF_0071","NF_0071"
"47","NF_0080","NF_0080"
"48","NF_0084","NF_0084"
"49","NF_0085","NF_0085"
"50","NF_0086","NF_0086"
"51","NF_0087","NF_0087"
"52","NF_0088","NF_0088"
"53","NF_0090","NF_0090"
"54","NF_0094","NF_0094"
"55","NF_0095","NF_0095"
"56","NF_0096","NF_0096"
"57","NF_0097","NF_0097"
"58","NF_0100","NF_0100"
"59","NF_0101","NF_0101"
"60","NF_0102","NF_0102"
"61","NF_0103","NF_0103"
"62","NF_0104","NF_0104"
"63","NF_0106","NF_0106"
"64","NF_0108","NF_0108"
"65","NF_0109","NF_0109"
"66","NF_0110","NF_0110"
"67","NF_0112","NF_0112"
"68","NF_0113","NF_0113"
"69","NF_0114","NF_0114"
"70","NF_0115","NF_0115"
"71","NF_0116","NF_0116"
"72","NF_0117","NF_0117"
"73","NF_0119","NF_0119"
"74","NF_0120","NF_0120"
"75","NF_0121","NF_0121"
"76","NF_0122","NF_0122"
"77","NF_0123","NF_0123"
"78","NF_0125","NF_0125"
"79","NF_0127","NF_0127"
"80","NF_0128","NF_0128"
"81","NF_0130","NF_0130"
"82","NF_0131","NF_0131"
"83","NF_0133","NF_0133"
"84","NF_0134","NF_0134"
"85","NF_0135","NF_0135"
"86","NF_0136","NF_0136"
"87","NF_0138","NF_0138"
"88","NF_0139","NF_0139"
"89","NF_0141","NF_0141"
"90","NF_0142","NF_0142"
"91","NF_0143","NF_0143"
"92","NF_0144","NF_0144"
"93","NF_0146","NF_0146"
"94","NF_0147","NF_0147"
"95","NF_0148","NF_0148"
"96","NF_0149","NF_0149"
"97","NF_0150","NF_0150"
"98","NF_0151","NF_0151"
"99","NF_0152","NF_0152"
"100","NF_0153","NF_0153"
"101","NF_0154","NF_0154"
"102","NF_0155","NF_0155"
"103","NF_0157","NF_0157"
"104","NF_0158","NF_0158"
"105","NF_0159","NF_0159"
"106","NF_0160","NF_0160"
"107","NF_0161","NF_0161"
"108","NF_0162","NF_0162"
"109","NF_0163","NF_0163"
"110","NF_0164","NF_0164"
"111","NF_0165","NF_0165"
"112","NF_0166","NF_0166"
"113","NF_0167","NF_0167"
"114","NF_0168","NF_0168"
"115","NF_0170","NF_0170"
"116","NF_0171","NF_0171"
"117","NF_0172","NF_0172"
"118","NF_0173","NF_0173"
"119","NF_0174","NF_0174"
"120","NF_0175","NF_0175"
"121","NF_0176","NF_0176"
"122","NF_0178","NF_0178"
"123","NF_0179","NF_0179"
"124","NF_0182","NF_0182"
"125","NF_0183","NF_0183"
"126","NF_0184","NF_0184"
"127","NF_0194","NF_0194"
"128","NF_0195","NF_0195"
"129","NF_0196","NF_0196"
"130","NF_0198","NF_0198"
"131","NF_0199","NF_0199"
"132","NF_0200","NF_0200"
"133","NF_0201","NF_0201"
"134","NF_0205","NF_0205"
"135","NF_0207","NF_0207"
"136","NF_0208","NF_0208"
"137","NF_0209","NF_0209"
"138","NF_0210","NF_0210"
"139","NF_0212","NF_0212"
"140","NF_0213","NF_0213"
"141","NF_0214","NF_0214"
"142","NF_0215","NF_0215"
"143","NF_0216","NF_0216"
"144","NF_0218","NF_0218"
"145","NF_0219","NF_0219"
"146","NF_0221","NF_0221"
"147","NF_0222","NF_0222"
"148","NF_0223","NF_0223"
"149","NF_0224","NF_0224"
"150","NF_0231","NF_0231"
"151","NF_0235","NF_0235"
"152","NF_0237","NF_0237"
"153","NF_0239","NF_0239"
"154","NF_0240","NF_0240"
"155","NF_0241","NF_0241"
"156","NF_0247","NF_0247"
"157","NF_0248","NF_0248"
"158","NF_0250","NF_0250"
"159","NF_0251","NF_0251"
"160","NF_0252","NF_0252"
"161","NF_0253","NF_0253"
"162","NF_0255","NF_0255"
"163","NF_0256","NF_0256"
"164","NF_0259","NF_0259"
"165","NF_0260","NF_0260"
"166","NF_0261","NF_0261"
"167","NF_0265","NF_0265"
"168","NF_0267","NF_0267"
"169","NF_0269","NF_0269"
"170","NF_0270","NF_0270"
"171","NF_0271","NF_0271"
"172","NF_0276","NF_0276"
"173","NF_0277","NF_0277"
"174","NF_0278","NF_0278"
"175","NF_0279","NF_0279"
"176","NF_0280","NF_0280"
"177","NF_0281","NF_0281"
"178","NF_0282","NF_0282"
"179","NF_0284","NF_0284"
"180","NF_0285","NF_0285"
"181","NF_0286","NF_0286"
"182","NF_0288","NF_0288"
"183","NF_0289","NF_0289"
"184","NF_0290","NF_0290"
"185","NF_0291","NF_0291"
"186","NF_0292","NF_0292"
"187","NF_0293","NF_0293"
"188","NF_0294","NF_0294"
"189","NF_0295","NF_0295"
"190","NF_0296","NF_0296"
"191","NF_0297","NF_0297"
"192","NF_0298","NF_0298"
"193","NF_0299","NF_0299"
"194","NF_0300","NF_0300"
"195","NF_0301","NF_0301"
"196","NF_0302","NF_0302"
"197","NF_0303","NF_0303"
"198","NF_0304","NF_0304"
"199","NF_0305","NF_0305"
"200","NF_0306","NF_0306"
"201","NF_0307","NF_0307"
"202","NF_0308","NF_0308"
"203","NF_0310","NF_0310"
"204","NF_0311","NF_0311"
"205","NF_0313","NF_0313"
"206","NF_0314","NF_0314"
"207","NF_0315","NF_0315"
"208","NF_0317","NF_0317"
"209","NF_0318","NF_0318"
"210","NF_0319","NF_0319"
"211","NF_0320","NF_0320"
"212","NF_0321","NF_0321"
"213","NF_0322","NF_0322"
"214","NF_0323","NF_0323"
"215","NF_0324","NF_0324"
"216","NF_0325","NF_0325"
"217","NF_0326","NF_0326"
"218","NF_0327","NF_0327"
"219","NF_0328","NF_0328"
"220","NF_0330","NF_0330"
"221","NF_0331","NF_0331"
"222","NF_0332","NF_0332"
"223","NF_0333","NF_0333"
"224","NF_0334","NF_0334"
"225","NF_0335","NF_0335"
"226","NF_0336","NF_0336"
"227","NF_0339","NF_0339"
"228","NF_0340","NF_0340"
"229","NF_0342","NF_0342"
"230","NF_0344","NF_0344"
"231","NF_0346","NF_0346"
"232","NF_0350","NF_0350"
"233","NF_0354","NF_0354"
"234","NF_0355","NF_0355"
"235","NF_0356","NF_0356"
"236","NF_0357","NF_0357"
"237","NF_0358","NF_0358"
"238","NF_0360","NF_0360"
"239","NF_0364","NF_0364"
"240","NF_0365","NF_0365"
"241","NF_0370","NF_0370"
"242","NF_0371","NF_0371"
"243","NF_0372","NF_0372"
"244","NF_0373","NF_0373"
"245","NF_0374","NF_0374"
"246","NF_0375","NF_0375"
"247","NF_0376","NF_0376"
"248","NF_0377","NF_0377"
"249","NF_0378","NF_0378"
"250","NF_0379","NF_0379"
"251","NF_0380","NF_0380"
"252","NF_0381","NF_0381"
"253","NF_0382","NF_0382"
"254","NF_0383","NF_0383"
"255","NF_0385","NF_0385"
"256","NF_0387","NF_0387"
"257","NF_0389","NF_0389"
"258","NF_0390","NF_0390"
"259","NF_0391","NF_0391"
"260","NF_0392","NF_0392"
"261","NF_0394","NF_0394"
"262","NF_0396","NF_0396"
"263","NF_0397","NF_0397"
"264","NF_0398","NF_0398"
"265","NF_0399","NF_0399"
"266","NF_0400","NF_0400"
"267","NF_0401","NF_0401"
"268","NF_0403","NF_0403"
"269","NF_0404","NF_0404"
"270","NF_0406","NF_0406"
"271","NF_0407","NF_0407"
"272","NF_0408","NF_0408"
"273","NF_0422","NF_0422"
"274","NF_0431","NF_0431"
"275","NF_0433","NF_0433"
"276","NF_0443","NF_0443"
"277","NF_0445","NF_0445"
"278","NF_0447","NF_0447"
"279","NF_0448","NF_0448"
"280","NF_0450","NF_0450"
"281","NF_0452","NF_0452"
"282","NF_0453","NF_0453"
"283","NF_0454","NF_0454"
"284","NF_0455","NF_0455"
"285","NF_0456","NF_0456"
"286","NF_0457","NF_0457"
"287","NF_0458","NF_0458"
"288","NF_0459","NF_0459"
"289","NF_0460","NF_0460"
"290","NF_0461","NF_0461"
"291","NF_0462","NF_0462"
"292","NF_0463","NF_0463"
"293","NF_0464","NF_0464"
"294","NF_0476","NF_0476"
"295","NSF_0001","NSF_0001"
"296","NSF_0002","NSF_0002"
"297","NSF_0003","NSF_0003"
"298","NSF_0005","NSF_0005"
"299","NSF_0006","NSF_0006"
"300","NSF_0007","NSF_0007"
"301","NSF_0008","NSF_0008"
"302","NSF_0012","NSF_0012"
"303","NSF_0013","NSF_0013"
"304","NSF_0014","NSF_0014"
"305","NSF_0017","NSF_0017"
"306","NSF_0018","NSF_0018"
"307","NSF_0019","NSF_0019"
"308","NSF_0021","NSF_0021"
"309","NSF_0023","NSF_0023"
"310","NSF_0024","NSF_0024"
"311","NSF_0025","NSF_0025"
"312","NSF_0026","NSF_0026"
"313","NSF_0027","NSF_0027"
"314","NSF_0028","NSF_0028"
"315","NSF_0029","NSF_0029"
"316","NSF_0030","NSF_0030"
"317","NSF_0032","NSF_0032"
"318","NSF_0034","NSF_0034"
"319","NSF_0036","NSF_0036"
"320","NSF_0037","NSF_0037"
"321","NSF_0039","NSF_0039"
"322","NSF_0040","NSF_0040"
"323","NSF_0041","NSF_0041"
"324","NSF_0042","NSF_0042"
"325","NSF_0043","NSF_0043"
"326","NSF_0044","NSF_0044"
"327","NSF_0045","NSF_0045"
"328","NSF_0048","NSF_0048"
"329","NSF_0050","NSF_0050"
"330","NSF_0051","NSF_0051"
"331","NSF_0054","NSF_0054"
"332","NSF_0055","NSF_0055"
"333","NSF_0056","NSF_0056"
"334","NSF_0061","NSF_0061"
"335","NSF_0064","NSF_0064"
"336","NF10_001","NF10_001"
"337","NF10_002","NF10_002"
"338","NF10_003","NF10_003"
"339","NF10_004","NF10_004"
"340","NF10_005","NF10_005"
"341","NF10_006","NF10_006"
"342","NF10_007","NF10_007"
"343","NF10_008","NF10_008"
"344","NF10_010","NF10_010"
"345","NF10_012","NF10_012"
"346","NF10_013","NF10_013"
"347","NF10_014","NF10_014"
"348","NF10_015","NF10_015"
"349","NF10_016","NF10_016"
"350","NF10_018","NF10_018"
"351","NF10_019","NF10_019"
"352","NF10_020","NF10_020"
"353","NF10_021","NF10_021"
"354","NF10_023","NF10_023"
"355","NF10_024","NF10_024"
"356","NF10_025","NF10_025"
"357","NF10_026","NF10_026"
"358","NF10_028","NF10_028"
"359","NF10_029","NF10_029"
"360","NF10_030","NF10_030"
"361","NF10_031","NF10_031"
"362","NF10_032","NF10_032"
"363","NF10_034","NF10_034"
"364","NF10_035","NF10_035"
"365","NF10_036","NF10_036"
"366","NF10_038","NF10_038"
"367","NF10_039","NF10_039"
"368","NF10_040","NF10_040"
"369","NF10_042","NF10_042"
"370","NF10_043","NF10_043"
"371","NF10_044","NF10_044"
"372","NF10_045","NF10_045"
"373","NF10_046","NF10_046"
"374","NF10_047","NF10_047"
"375","NF10_048","NF10_048"
"376","NF10_049","NF10_049"
"377","NF10_050","NF10_050"
"378","NF10_051","NF10_051"
"379","NF10_052","NF10_052"
"380","NF10_053","NF10_053"
"381","NF10_054","NF10_054"
"382","NF10_055","NF10_055"
"383","NF10_056","NF10_056"
"384","NF10_057","NF10_057"
"385","NF10_058","NF10_058"
"386","NF10_060","NF10_060"
"387","NF10_062","NF10_062"
"388","NF10_063","NF10_063"
"389","NF10_064","NF10_064"
"390","NF10_066","NF10_066"
"391","NF10_069","NF10_069"
"392","NF10_070","NF10_070"
"393","NF10_071","NF10_071"
"394","NF10_072","NF10_072"
"395","NF10_078","NF10_078"
"396","NF10_079","NF10_079"
"397","NF10_080","NF10_080"
"398","NF10_081","NF10_081"
"399","NF10_082","NF10_082"
"400","NF10_083","NF10_083"
"401","NF10_086","NF10_086"
"402","NF10_087","NF10_087"
"403","NF11_001","NF11_001"
"404","NF11_003","NF11_003"
"405","NF11_004","NF11_004"
"406","NF11_005","NF11_005"
"407","NF11_006","NF11_006"
"408","NF11_007","NF11_007"
"409","NF11_011","NF11_011"
"410","NF11_012","NF11_012"
"411","NF11_013","NF11_013"
"412","NF11_014","NF11_014"
"413","NF11_017","NF11_017"
"414","NF11_018","NF11_018"
"415","NF11_019","NF11_019"
"416","NF11_020","NF11_020"
"417","NF11_022","NF11_022"
"418","NF11_023","NF11_023"
"419","NF11_024","NF11_024"
"420","NF11_025","NF11_025"
"421","NF11_026","NF11_026"
"422","NF11_027","NF11_027"
"423","NF11_028","NF11_028"
"424","NF11_029","NF11_029"
"425","NF11_030","NF11_030"
"426","NF11_032","NF11_032"
"427","NF11_039","NF11_039"
"428","NF11_041","NF11_041"
"429","NF11_042","NF11_042"
"430","NF11_043","NF11_043"
"431","NF11_044","NF11_044"
"432","NF11_045","NF11_045"
"433","NF11_047","NF11_047"
"434","NF11_048","NF11_048"
"435","NF11_049","NF11_049"
"436","NF11_050","NF11_050"
"437","NF11_051","NF11_051"
"438","NF11_052","NF11_052"
"439","NF11_053","NF11_053"
"440","NF11_054","NF11_054"
"441","NF11_055","NF11_055"
"442","NF11_056","NF11_056"
"443","NF11_057","NF11_057"
"444","NF11_058","NF11_058"
"445","NF11_060","NF11_060"
"446","NF11_061","NF11_061"
"447","NF11_063","NF11_063"
"448","NF11_064","NF11_064"
"449","NF11_065","NF11_065"
"450","NF11_068","NF11_068"
"451","NF11_069","NF11_069"
"452","NF11_070","NF11_070"
"453","NF11_071","NF11_071"
"454","NF11_072","NF11_072"
"455","NF11_073","NF11_073"
"456","NF11_074","NF11_074"
"457","NF11_075","NF11_075"
"458","NF11_076","NF11_076"
"459","NF11_077","NF11_077"
"460","NF11_078","NF11_078"
"461","NF11_079","NF11_079"
"462","NF11_080","NF11_080"
"463","NF11_081","NF11_081"
"464","NF11_082","NF11_082"
"465","NF11_083","NF11_083"
"466","NF11_084","NF11_084"
"467","NF11_085","NF11_085"
"468","NF11_086","NF11_086"
"469","NF11_087","NF11_087"
"470","NF11_088","NF11_088"
"471","NF11_089","NF11_089"
"472","NF11_090","NF11_090"
"473","NF11_093","NF11_093"
"474","NF11_094","NF11_094"
"475","NF11_095","NF11_095"
"476","NF11_096","NF11_096"
"477","NF12_002","NF12_002"
"478","NF12_004","NF12_004"
"479","NF12_005","NF12_005"
"480","NF12_006","NF12_006"
"481","NF12_007","NF12_007"
"482","NF12_008","NF12_008"
"483","NF12_009","NF12_009"
"484","NF12_010","NF12_010"
"485","NF12_011","NF12_011"
"486","NF12_013","NF12_013"
"487","NF12_014","NF12_014"
"488","NF12_016","NF12_016"
"489","NF12_018","NF12_018"
"490","NF12_019","NF12_019"
"491","NF12_020","NF12_020"
"492","NF12_021","NF12_021"
"493","NF12_022","NF12_022"
"494","NF12_023","NF12_023"
"495","NF12_024","NF12_024"
"496","NF12_026","NF12_026"
"497","NF12_027","NF12_027"
"498","NF12_028","NF12_028"
"499","NF12_029","NF12_029"
"500","NF12_030","NF12_030"
"501","NF12_032","NF12_032"
"502","NF12_034","NF12_034"
"503","NF12_037","NF12_037"
"504","NF12_038","NF12_038"
"505","NF12_040","NF12_040"
"506","NF12_042","NF12_042"
"507","NF12_043","NF12_043"
"508","NF12_045","NF12_045"
"509","NF12_046","NF12_046"
"510","NF12_047","NF12_047"
"511","NF12_048","NF12_048"
"512","NF12_051","NF12_051"
"513","NF12_053","NF12_053"
"514","NF12_054","NF12_054"
"515","NF12_055","NF12_055"
"516","NF12_064","NF12_064"
"517","NF12_068","NF12_068"
"518","NF12_069","NF12_069"
"519","NF12_070","NF12_070"
"520","NF12_071","NF12_071"
"521","NF12_072","NF12_072"
"522","NF12_073","NF12_073"
"523","NF12_074","NF12_074"
"524","NF12_075","NF12_075"
"525","NF12_076","NF12_076"
"526","NF12_077","NF12_077"
"527","NF12_079","NF12_079"
"528","NF12_080","NF12_080"
"529","NF12_081","NF12_081"
"530","NF12_082","NF12_082"
"531","NF12_084","NF12_084"
"532","NF12_086","NF12_086"
"533","NF12_087","NF12_087"
"534","NF12_088","NF12_088"
"535","NF12_092","NF12_092"
"536","NF12_093","NF12_093"
"537","NF12_094","NF12_094"
"538","NF12_096","NF12_096"
"539","NF6_002","NF6_002"
"540","NF6_003","NF6_003"
"541","NF6_004","NF6_004"
"542","NF6_005","NF6_005"
"543","NF6_006","NF6_006"
"544","NF6_007","NF6_007"
"545","NF6_008","NF6_008"
"546","NF6_009","NF6_009"
"547","NF6_010","NF6_010"
"548","NF6_011","NF6_011"
"549","NF6_012","NF6_012"
"550","NF6_013","NF6_013"
"551","NF6_014","NF6_014"
"552","NF6_015","NF6_015"
"553","NF6_016","NF6_016"
"554","NF6_017","NF6_017"
"555","NF6_018","NF6_018"
"556","NF6_019","NF6_019"
"557","NF6_020","NF6_020"
"558","NF6_021","NF6_021"
"559","NF6_022","NF6_022"
"560","NF6_023","NF6_023"
"561","NF6_026","NF6_026"
"562","NF6_027","NF6_027"
"563","NF6_029","NF6_029"
"564","NF6_030","NF6_030"
"565","NF6_033","NF6_033"
"566","NF6_034","NF6_034"
"567","NF6_035","NF6_035"
"568","NF6_036","NF6_036"
"569","NF6_037","NF6_037"
"570","NF6_038","NF6_038"
"571","NF6_039","NF6_039"
"572","NF6_040","NF6_040"
"573","NF6_041","NF6_041"
"574","NF6_042","NF6_042"
"575","NF6_043","NF6_043"
"576","NF6_044","NF6_044"
"577","NF6_045","NF6_045"
"578","NF6_046","NF6_046"
"579","NF6_047","NF6_047"
"580","NF6_050","NF6_050"
"581","NF6_051","NF6_051"
"582","NF6_052","NF6_052"
"583","NF6_054","NF6_054"
"584","NF6_055","NF6_055"
"585","NF6_056","NF6_056"
"586","NF6_057","NF6_057"
"587","NF6_058","NF6_058"
"588","NF6_060","NF6_060"
"589","NF6_061","NF6_061"
"590","NF6_062","NF6_062"
"591","NF6_063","NF6_063"
"592","NF6_064","NF6_064"
"593","NF6_065","NF6_065"
"594","NF6_066","NF6_066"
"595","NF6_067","NF6_067"
"596","NF6_068","NF6_068"
"597","NF6_070","NF6_070"
"598","NF6_071","NF6_071"
"599","NF6_073","NF6_073"
"600","NF6_074","NF6_074"
"601","NF6_075","NF6_075"
"602","NF6_077","NF6_077"
"603","NF6_078","NF6_078"
"604","NF6_079","NF6_079"
"605","NF6_080","NF6_080"
"606","NF6_081","NF6_081"
"607","NF6_082","NF6_082"
"608","NF6_083","NF6_083"
"609","NF6_084","NF6_084"
"610","NF6_085","NF6_085"
"611","NF6_086","NF6_086"
"612","NF6_087","NF6_087"
"613","NF6_088","NF6_088"
"614","NF6_089","NF6_089"
"615","NF6_090","NF6_090"
"616","NF6_091","NF6_091"
"617","NF6_092","NF6_092"
"618","NF6_093","NF6_093"
"619","NF6_095","NF6_095"
"620","NF6_096","NF6_096"
"621","NF7_004","NF7_004"
"622","NF7_006","NF7_006"
"623","NF7_007","NF7_007"
"624","NF7_009","NF7_009"
"625","NF7_010","NF7_010"
"626","NF7_011","NF7_011"
"627","NF7_012","NF7_012"
"628","NF7_013","NF7_013"
"629","NF7_015","NF7_015"
"630","NF7_016","NF7_016"
"631","NF7_018","NF7_018"
"632","NF7_021","NF7_021"
"633","NF7_022","NF7_022"
"634","NF7_023","NF7_023"
"635","NF7_024","NF7_024"
"636","NF7_028","NF7_028"
"637","NF7_029","NF7_029"
"638","NF7_031","NF7_031"
"639","NF7_032","NF7_032"
"640","NF7_033","NF7_033"
"641","NF7_034","NF7_034"
"642","NF7_035","NF7_035"
"643","NF7_036","NF7_036"
"644","NF7_037","NF7_037"
"645","NF7_038","NF7_038"
"646","NF7_039","NF7_039"
"647","NF7_040","NF7_040"
"648","NF7_049","NF7_049"
"649","NF7_050","NF7_050"
"650","NF7_051","NF7_051"
"651","NF7_052","NF7_052"
"652","NF7_056","NF7_056"
"653","NF7_057","NF7_057"
"654","NF7_059","NF7_059"
"655","NF7_060","NF7_060"
"656","NF7_062","NF7_062"
"657","NF7_063","NF7_063"
"658","NF7_066","NF7_066"
"659","NF7_067","NF7_067"
"660","NF7_068","NF7_068"
"661","NF7_069","NF7_069"
"662","NF7_070","NF7_070"
"663","NF7_072","NF7_072"
"664","NF7_073","NF7_073"
"665","NF7_074","NF7_074"
"666","NF7_075","NF7_075"
"667","NF7_076","NF7_076"
"668","NF7_077","NF7_077"
"669","NF7_078","NF7_078"
"670","NF7_079","NF7_079"
"671","NF7_080","NF7_080"
"672","NF7_081","NF7_081"
"673","NF7_082","NF7_082"
"674","NF7_083","NF7_083"
"675","NF7_084","NF7_084"
"676","NF7_085","NF7_085"
"677","NF7_086","NF7_086"
"678","NF7_087","NF7_087"
"679","NF7_088","NF7_088"
"680","NF7_089","NF7_089"
"681","NF7_090","NF7_090"
"682","NF7_091","NF7_091"
"683","NF7_092","NF7_092"
"684","NF7_093","NF7_093"
"685","NF7_094","NF7_094"
"686","NF7_095","NF7_095"
"687","NF7_096","NF7_096"
"688","NF8_002","NF8_002"
"689","NF8_003","NF8_003"
"690","NF8_004","NF8_004"
"691","NF8_010","NF8_010"
"692","NF8_011","NF8_011"
"693","NF8_012","NF8_012"
"694","NF8_013","NF8_013"
"695","NF8_016","NF8_016"
"696","NF8_019","NF8_019"
"697","NF8_034","NF8_034"
"698","NF8_035","NF8_035"
"699","NF8_036","NF8_036"
"700","NF8_038","NF8_038"
"701","NF8_040","NF8_040"
"702","NF8_058","NF8_058"
"703","NF8_059","NF8_059"
"704","NF8_061","NF8_061"
"705","NF8_062","NF8_062"
"706","NF8_064","NF8_064"
"707","NF8_065","NF8_065"
"708","NF8_073","NF8_073"
"709","NF8_074","NF8_074"
"710","NF8_076","NF8_076"
"711","NF8_077","NF8_077"
"712","NF8_081","NF8_081"
"713","NF8_082","NF8_082"
"714","NF8_083","NF8_083"
"715","NF8_084","NF8_084"
"716","NF8_085","NF8_085"
"717","NF8_093","NF8_093"
"718","NF8_094","NF8_094"
"719","NF8_095","NF8_095"
"720","NF8_096","NF8_096"
"721","NF9_002","NF9_002"
"722","NF9_004","NF9_004"
"723","NF9_009","NF9_009"
"724","NF9_017","NF9_017"
"725","NF9_018","NF9_018"
"726","NF9_020","NF9_020"
"727","NF9_022","NF9_022"
"728","NF9_024","NF9_024"
"729","NF9_025","NF9_025"
"730","NF9_026","NF9_026"
"731","NF9_032","NF9_032"
"732","NF9_033","NF9_033"
"733","NF9_034","NF9_034"
"734","NF9_035","NF9_035"
"735","NF9_036","NF9_036"
"736","NF9_037","NF9_037"
"737","NF9_038","NF9_038"
"738","NF9_039","NF9_039"
"739","NF9_040","NF9_040"
"740","NF9_050","NF9_050"
"741","NF9_051","NF9_051"
"742","NF9_052","NF9_052"
"743","NF9_060","NF9_060"
"744","NF9_062","NF9_062"
"745","NF9_063","NF9_063"
"746","NF9_073","NF9_073"
"747","NF9_074","NF9_074"
"748","NF9_077","NF9_077"
"749","NF9_078","NF9_078"
"750","NF9_079","NF9_079"
"751","NF9_080","NF9_080"
"752","NF9_081","NF9_081"
"753","NF9_082","NF9_082"
"754","NF9_083","NF9_083"
"755","NF9_084","NF9_084"
"756","NF9_085","NF9_085"
"757","NF9_086","NF9_086"
"758","NF9_087","NF9_087"
"759","NF9_088","NF9_088"
"760","NF9_090","NF9_090"
"761","NF9_091","NF9_091"
"762","NF9_092","NF9_092"
"763","NF9_093","NF9_093"
"764","NF9_094","NF9_094"
"765","NF9_095","NF9_095"
"766","NF9_096","NF9_096"
"767","NS_005","NS_005"
"768","NS_006","NS_006"
"769","NS_007","NS_007"
"770","NS_009","NS_009"
"771","NS_010","NS_010"
"772","NS_011","NS_011"
"773","NS_014","NS_014"
"774","NS_015","NS_015"
"775","NS_016","NS_016"
"776","NS_041","NS_041"
"777","NS_043","NS_043"
"778","NS_044","NS_044"
"779","NS_045","NS_045"
"780","NS_047","NS_047"
"781","NS_048","NS_048"
"782","NS_050","NS_050"
"783","NS_052","NS_052"
"784","NS_053","NS_053"
"785","NS_055","NS_055"
"786","NS_056","NS_056"
"787","NS_113","NS_113"
"788","NS_114","NS_114"
"789","NS_115","NS_115"
"790","NS_118","NS_118"
"791","NS_119","NS_119"
"792","NS_121","NS_121"
"793","NS_123","NS_123"
"794","NS_125","NS_125"
"795","NS_126","NS_126"
"796","NS_75","NS_75"
"797","NS_78","NS_78"
"798","NS_79","NS_79"
"799","NF13_003","NF13_003"
"800","NF13_005","NF13_005"
"801","NF13_006","NF13_006"
"802","NF13_007","NF13_007"
"803","NF13_010","NF13_010"
"804","NF13_013","NF13_013"
"805","NF13_018","NF13_018"
"806","NF13_020","NF13_020"
"807","NF13_029","NF13_029"
"808","NF13_031","NF13_031"
"809","NF13_033","NF13_033"
"810","NF13_037","NF13_037"
"811","NF13_041","NF13_041"
"812","NF13_045","NF13_045"
"813","NF13_048","NF13_048"
"814","NF13_049","NF13_049"
"815","NF13_050","NF13_050"
"816","NF13_052","NF13_052"
"817","NF13_053","NF13_053"
"818","NF13_054","NF13_054"
"819","NF13_055","NF13_055"
"820","NF13_057","NF13_057"
"821","NF13_081","NF13_081"
"822","NF13_084","NF13_084"
"823","NF13_085","NF13_085"
"824","NF13_088","NF13_088"
"825","NF13_089","NF13_089"
"826","NF13_090","NF13_090"
"827","NF13_091","NF13_091"
"828","NF13_092","NF13_092"
"829","NF13_093","NF13_093"
"830","NF13_094","NF13_094"
"831","NF13_095","NF13_095"
"832","NF13_096","NF13_096"
"833","NF14_012","NF14_012"
"834","NF14_016","NF14_016"
"835","NF14_024","NF14_024"
"836","NF14_025","NF14_025"
"837","NF14_027","NF14_027"
"838","NF14_032","NF14_032"
"839","NF14_037","NF14_037"
"840","NF14_038","NF14_038"
"841","NF14_040","NF14_040"
"842","NF14_041","NF14_041"
"843","NF14_042","NF14_042"
"844","NF14_043","NF14_043"
"845","NF14_044","NF14_044"
"846","NF14_045","NF14_045"
"847","NF14_046","NF14_046"
"848","NF14_047","NF14_047"
"849","NF14_049","NF14_049"
"850","NF14_050","NF14_050"
"851","NF14_051","NF14_051"
"852","NF14_052","NF14_052"
"853","NF14_053","NF14_053"
"854","NF14_054","NF14_054"
"855","NF14_055","NF14_055"
"856","NF14_056","NF14_056"
"857","NF14_057","NF14_057"
"858","NF14_061","NF14_061"
"859","NF14_062","NF14_062"
"860","NF14_063","NF14_063"
"861","NF14_064","NF14_064"
"862","NF14_066","NF14_066"
"863","NF14_067","NF14_067"
"864","NF14_068","NF14_068"
"865","NF14_069","NF14_069"
"866","NF14_070","NF14_070"
"867","NF14_071","NF14_071"
"868","NF14_072","NF14_072"
"869","NF14_081","NF14_081"
"870","NF14_084","NF14_084"
"871","NF14_086","NF14_086"
"872","NF14_087","NF14_087"
"873","NF14_089","NF14_089"
"874","NF14_092","NF14_092"
"875","NF14_094","NF14_094"
"876","NF14_095","NF14_095"
"877","NF14_096","NF14_096"
"878","NF15_001","NF15_001"
"879","NF15_002","NF15_002"
"880","NF15_004","NF15_004"
"881","NF15_005","NF15_005"
"882","NF15_006","NF15_006"
"883","NF15_007","NF15_007"
"884","NF15_008","NF15_008"
"885","NF15_011","NF15_011"
"886","NF15_012","NF15_012"
"887","NF15_013","NF15_013"
"888","NF15_016","NF15_016"
"889","NF15_017","NF15_017"
"890","NF15_018","NF15_018"
"891","NF15_021","NF15_021"
"892","NF15_023","NF15_023"
"893","NF15_024","NF15_024"
"894","NF15_025","NF15_025"
"895","NF15_033","NF15_033"
"896","NF15_034","NF15_034"
"897","NF15_035","NF15_035"
"898","NF15_037","NF15_037"
"899","NF15_038","NF15_038"
"900","NF15_039","NF15_039"
"901","NF15_040","NF15_040"
"902","NF15_041","NF15_041"
"903","NF15_049","NF15_049"
"904","NF15_051","NF15_051"
"905","NF15_052","NF15_052"
"906","NF15_054","NF15_054"
"907","NF15_055","NF15_055"
"908","NF15_056","NF15_056"
"909","NF15_057","NF15_057"
"910","NF15_059","NF15_059"
"911","NF15_060","NF15_060"
"912","NF15_061","NF15_061"
"913","NF15_063","NF15_063"
"914","NF15_071","NF15_071"
"915","NF15_074","NF15_074"
"916","NF15_075","NF15_075"
"917","NF15_076","NF15_076"
"918","NF15_077","NF15_077"
"919","NF16_002","NF16_002"
"920","NF16_003","NF16_003"
"921","NF16_005","NF16_005"
"922","NF16_007","NF16_007"
"923","NF16_008","NF16_008"
"924","NF16_009","NF16_009"
"925","NF16_010","NF16_010"
"926","NF16_011","NF16_011"
"927","NF16_012","NF16_012"
"928","NF16_014","NF16_014"
"929","NF16_020","NF16_020"
"930","NF16_021","NF16_021"
"931","NF16_022","NF16_022"
"932","NF16_023","NF16_023"
"933","NF16_024","NF16_024"
"934","NF16_027","NF16_027"
"935","NF16_028","NF16_028"
"936","NF16_031","NF16_031"
"937","NF16_032","NF16_032"
"938","NF16_033","NF16_033"
"939","NF16_034","NF16_034"
"940","NF16_035","NF16_035"
"941","NF16_036","NF16_036"
"942","NF16_037","NF16_037"
"943","NF16_038","NF16_038"
"944","NF16_039","NF16_039"
"945","NF16_040","NF16_040"
"946","NF16_041","NF16_041"
"947","NF16_042","NF16_042"
"948","NF16_043","NF16_043"
"949","NF16_045","NF16_045"
"950","NF16_046","NF16_046"
"951","NF16_047","NF16_047"
"952","NF16_048","NF16_048"
"953","NF16_049","NF16_049"
"954","NF16_052","NF16_052"
"955","NF16_053","NF16_053"
"956","NF16_054","NF16_054"
"957","NF16_055","NF16_055"
"958","NF16_056","NF16_056"
"959","NF16_058","NF16_058"
"960","NF16_059","NF16_059"
"961","NF16_060","NF16_060"
"962","NF16_061","NF16_061"
"963","NF16_062","NF16_062"
"964","NF16_063","NF16_063"
"965","NF16_064","NF16_064"
"966","NF16_066","NF16_066"
"967","NF16_067","NF16_067"
"968","NF16_068","NF16_068"
"969","NF16_069","NF16_069"
"970","NF16_071","NF16_071"
"971","NF16_072","NF16_072"
"972","NF16_074","NF16_074"
"973","NF16_075","NF16_075"
"974","NF16_076","NF16_076"
"975","NF16_077","NF16_077"
"976","NF16_078","NF16_078"
"977","NF16_079","NF16_079"
"978","NF16_080","NF16_080"
"979","NF16_086","NF16_086"
"980","NF16_091","NF16_091"
"981","NF16_093","NF16_093"
"982","NF16_094","NF16_094"
"983","NF16_095","NF16_095"
"984","NF17_002","NF17_002"
"985","NF17_003","NF17_003"
"986","NF17_005","NF17_005"
"987","NF17_006","NF17_006"
"988","NF17_007","NF17_007"
"989","NF17_008","NF17_008"
"990","NF17_009","NF17_009"
"991","NF17_010","NF17_010"
"992","NF17_011","NF17_011"
"993","NF17_012","NF17_012"
"994","NF17_013","NF17_013"
"995","NF17_014","NF17_014"
"996","NF17_015","NF17_015"
"997","NF17_016","NF17_016"
"998","NF17_018","NF17_018"
"999","NF17_019","NF17_019"
"1000","NF17_020","NF17_020"
"1001","NF17_023","NF17_023"
"1002","NF17_026","NF17_026"
"1003","NF17_032","NF17_032"
"1004","NF17_039","NF17_039"
"1005","NF17_050","NF17_050"
"1006","NF17_051","NF17_051"
"1007","NF17_052","NF17_052"
"1008","NF17_053","NF17_053"
"1009","NF17_054","NF17_054"
"1010","NF17_055","NF17_055"
"1011","NF17_063","NF17_063"
"1012","NF17_065","NF17_065"
"1013","NF17_071","NF17_071"
"1014","NF17_072","NF17_072"
"1015","NF17_073","NF17_073"
"1016","NF17_074","NF17_074"
"1017","NF17_075","NF17_075"
"1018","NF17_077","NF17_077"
"1019","NF17_078","NF17_078"
"1020","NF17_079","NF17_079"
"1021","NF17_080","NF17_080"
"1022","NF17_081","NF17_081"
"1023","NF17_088","NF17_088"
"1024","NF17_089","NF17_089"
"1025","NF17_092","NF17_092"
"1026","NF17_095","NF17_095"
"1027","NF17_096","NF17_096"
"1028","NF18_008","NF18_008"
"1029","NF18_017","NF18_017"
"1030","NF18_026","NF18_026"
"1031","NF18_027","NF18_027"
"1032","NF18_028","NF18_028"
"1033","NF18_032","NF18_032"
"1034","NF18_034","NF18_034"
"1035","NF18_035","NF18_035"
"1036","NF18_037","NF18_037"
"1037","NF18_038","NF18_038"
"1038","NF18_039","NF18_039"
"1039","NF18_040","NF18_040"
"1040","NF18_041","NF18_041"
"1041","NF18_042","NF18_042"
"1042","NF18_043","NF18_043"
"1043","NF18_044","NF18_044"
"1044","NF18_045","NF18_045"
"1045","NF18_046","NF18_046"
"1046","NF18_047","NF18_047"
"1047","NF18_049","NF18_049"
"1048","NF18_051","NF18_051"
"1049","NF18_052","NF18_052"
"1050","NF18_053","NF18_053"
"1051","NF18_054","NF18_054"
"1052","NF18_055","NF18_055"
"1053","NF18_060","NF18_060"
"1054","NF18_063","NF18_063"
"1055","NF18_064","NF18_064"
"1056","NF18_067","NF18_067"
"1057","NF18_071","NF18_071"
"1058","NF18_072","NF18_072"
"1059","NF18_075","NF18_075"
"1060","NF18_076","NF18_076"
"1061","NF18_078","NF18_078"
"1062","NF18_080","NF18_080"
"1063","NF18_091","NF18_091"
"1064","NF18_096","NF18_096"
"1065","NF19_004","NF19_004"
"1066","NF19_016","NF19_016"
"1067","NF19_019","NF19_019"
"1068","NF19_023","NF19_023"
"1069","NF19_024","NF19_024"
"1070","NF19_032","NF19_032"
"1071","NF19_041","NF19_041"
"1072","NF19_043","NF19_043"
"1073","NF19_045","NF19_045"
"1074","NF19_046","NF19_046"
"1075","NF19_047","NF19_047"
"1076","NF19_048","NF19_048"
"1077","NF19_049","NF19_049"
"1078","NF19_051","NF19_051"
"1079","NF19_052","NF19_052"
"1080","NF19_053","NF19_053"
"1081","NF19_054","NF19_054"
"1082","NF19_055","NF19_055"
"1083","NF19_056","NF19_056"
"1084","NF19_057","NF19_057"
"1085","NF19_058","NF19_058"
"1086","NF19_059","NF19_059"
"1087","NF19_060","NF19_060"
"1088","NF19_061","NF19_061"
"1089","NF19_063","NF19_063"
"1090","NF19_064","NF19_064"
"1091","NF19_071","NF19_071"
"1092","NF19_072","NF19_072"
"1093","NF19_073","NF19_073"
"1094","NF19_076","NF19_076"
"1095","NF19_080","NF19_080"
"1096","NF19_081","NF19_081"
"1097","NF19_082","NF19_082"
"1098","NF19_086","NF19_086"
"1099","NF19_088","NF19_088"
"1100","NF19_090","NF19_090"
"1101","NF19_093","NF19_093"
"1102","NF19_096","NF19_096"
"1103","NF20_001","NF20_001"
"1104","NF20_004","NF20_004"
"1105","NF20_005","NF20_005"
"1106","NF20_006","NF20_006"
"1107","NF20_007","NF20_007"
"1108","NF20_008","NF20_008"
"1109","NF20_009","NF20_009"
"1110","NF20_011","NF20_011"
"1111","NF20_012","NF20_012"
"1112","NF20_013","NF20_013"
"1113","NF20_014","NF20_014"
"1114","NF20_015","NF20_015"
"1115","NF20_017","NF20_017"
"1116","NF20_018","NF20_018"
"1117","NF20_019","NF20_019"
"1118","NF20_020","NF20_020"
"1119","NF20_021","NF20_021"
"1120","NF20_022","NF20_022"
"1121","NF20_023","NF20_023"
"1122","NF20_026","NF20_026"
"1123","NF20_028","NF20_028"
"1124","NF20_030","NF20_030"
"1125","NF20_033","NF20_033"
"1126","NF20_034","NF20_034"
"1127","NF20_035","NF20_035"
"1128","NF20_037","NF20_037"
"1129","NF20_039","NF20_039"
"1130","NF20_041","NF20_041"
"1131","NF20_042","NF20_042"
"1132","NF20_043","NF20_043"
"1133","NF20_046","NF20_046"
"1134","NF20_047","NF20_047"
"1135","NF20_048","NF20_048"
"1136","NF20_052","NF20_052"
"1137","NF20_053","NF20_053"
"1138","NF20_054","NF20_054"
"1139","NF20_055","NF20_055"
"1140","NF20_057","NF20_057"
"1141","NF20_058","NF20_058"
"1142","NF20_059","NF20_059"
"1143","NF20_061","NF20_061"
"1144","NF20_062","NF20_062"
"1145","NF20_063","NF20_063"
"1146","NF20_064","NF20_064"
"1147","NF20_065","NF20_065"
"1148","NF20_067","NF20_067"
"1149","NF20_068","NF20_068"
"1150","NF20_069","NF20_069"
"1151","NF20_071","NF20_071"
"1152","NF20_072","NF20_072"
"1153","NF20_074","NF20_074"
"1154","NF20_076","NF20_076"
"1155","NF20_077","NF20_077"
"1156","NF20_079","NF20_079"
"1157","NF20_081","NF20_081"
"1158","NF20_082","NF20_082"
"1159","NF20_083","NF20_083"
"1160","NF20_084","NF20_084"
"1161","NF20_085","NF20_085"
"1162","NF20_086","NF20_086"
"1163","NF20_087","NF20_087"
"1164","NF20_092","NF20_092"
"1165","NF20_093","NF20_093"
"1166","NF20_094","NF20_094"
"1167","NF20_095","NF20_095"
"1168","NF21_001","NF21_001"
"1169","NF21_002","NF21_002"
"1170","NF21_003","NF21_003"
"1171","NF21_004","NF21_004"
"1172","NF21_005","NF21_005"
"1173","NF21_006","NF21_006"
"1174","NF21_007","NF21_007"
"1175","NF21_008","NF21_008"
"1176","NF21_010","NF21_010"
"1177","NF21_011","NF21_011"
"1178","NF21_012","NF21_012"
"1179","NF21_013","NF21_013"
"1180","NF21_014","NF21_014"
"1181","NF21_015","NF21_015"
"1182","NF21_018","NF21_018"
"1183","NF21_019","NF21_019"
"1184","NF21_023","NF21_023"
"1185","NF21_024","NF21_024"
"1186","NF21_025","NF21_025"
"1187","NF21_026","NF21_026"
"1188","NF21_027","NF21_027"
"1189","NF21_029","NF21_029"
"1190","NF21_030","NF21_030"
"1191","NF21_031","NF21_031"
"1192","NF21_032","NF21_032"
"1193","NF21_047","NF21_047"
"1194","NF21_049","NF21_049"
"1195","NF21_050","NF21_050"
"1196","NF21_051","NF21_051"
"1197","NF21_052","NF21_052"
"1198","NF21_053","NF21_053"
"1199","NF21_054","NF21_054"
"1200","NF21_055","NF21_055"
"1201","NF21_057","NF21_057"
"1202","NF21_058","NF21_058"
"1203","NF21_060","NF21_060"
"1204","NF21_061","NF21_061"
"1205","NF21_063","NF21_063"
"1206","NF21_064","NF21_064"
"1207","NF21_065","NF21_065"
"1208","NF21_066","NF21_066"
"1209","NF21_067","NF21_067"
"1210","NF21_068","NF21_068"
"1211","NF21_069","NF21_069"
"1212","NF21_070","NF21_070"
"1213","NF21_071","NF21_071"
"1214","NF21_072","NF21_072"
"1215","NF21_084","NF21_084"
"1216","NF21_089","NF21_089"
"1217","NF22_002","NF22_002"
"1218","NF22_005","NF22_005"
"1219","NF22_008","NF22_008"
"1220","NF22_012","NF22_012"
"1221","NF22_013","NF22_013"
"1222","NF22_014","NF22_014"
"1223","NF22_015","NF22_015"
"1224","NF22_021","NF22_021"
"1225","NF22_040","NF22_040"
"1226","NF22_042","NF22_042"
"1227","NF22_044","NF22_044"
"1228","NF22_045","NF22_045"
"1229","NF22_046","NF22_046"
"1230","NF22_051","NF22_051"
"1231","NF22_052","NF22_052"
"1232","NF22_053","NF22_053"
"1233","NF22_054","NF22_054"
"1234","NF22_055","NF22_055"
"1235","NF22_056","NF22_056"
"1236","NF22_057","NF22_057"
"1237","NF22_058","NF22_058"
"1238","NF22_059","NF22_059"
"1239","NF22_061","NF22_061"
"1240","NF22_062","NF22_062"
"1241","NF22_063","NF22_063"
"1242","NF22_064","NF22_064"
"1243","NF22_065","NF22_065"
"1244","NF22_066","NF22_066"
"1245","NF22_067","NF22_067"
"1246","NF22_068","NF22_068"
"1247","NF22_069","NF22_069"
"1248","NF22_070","NF22_070"
"1249","NF22_071","NF22_071"
"1250","NF22_072","NF22_072"
"1251","NF22_074","NF22_074"
"1252","NF22_075","NF22_075"
"1253","NF22_077","NF22_077"
"1254","NF22_078","NF22_078"
"1255","NF22_080","NF22_080"
"1256","NF22_081","NF22_081"
"1257","NF22_084","NF22_084"
"1258","NF22_085","NF22_085"
"1259","NF22_086","NF22_086"
"1260","NF22_087","NF22_087"
"1261","NF22_093","NF22_093"
"1262","NF22_094","NF22_094"
"1263","NF22_095","NF22_095"
"1264","NF22_096","NF22_096"
"1265","NF23_023","NF23_023"
"1266","NF23_037","NF23_037"
"1267","NF23_040","NF23_040"
"1268","NF23_041","NF23_041"
"1269","NF23_042","NF23_042"
"1270","NF23_043","NF23_043"
"1271","NF23_045","NF23_045"
"1272","NF23_046","NF23_046"
"1273","NF23_047","NF23_047"
"1274","NF23_048","NF23_048"
"1275","NF23_049","NF23_049"
"1276","NF23_052","NF23_052"
"1277","NF23_053","NF23_053"
"1278","NF23_054","NF23_054"
"1279","NF23_055","NF23_055"
"1280","NF23_057","NF23_057"
"1281","NF23_058","NF23_058"
"1282","NF23_063","NF23_063"
"1283","NF23_080","NF23_080"
"1284","NF23_081","NF23_081"
"1285","NF23_090","NF23_090"
"1286","NF23_091","NF23_091"
"1287","NF23_092","NF23_092"
"1288","NF23_093","NF23_093"
"1289","NF23_094","NF23_094"
"1290","NF24_002","NF24_002"
"1291","NF24_004","NF24_004"
"1292","NF24_005","NF24_005"
"1293","NF24_007","NF24_007"
"1294","NF24_008","NF24_008"
"1295","NF24_010","NF24_010"
"1296","NF24_012","NF24_012"
"1297","NF24_015","NF24_015"
"1298","NF24_016","NF24_016"
"1299","NF24_018","NF24_018"
"1300","NF24_022","NF24_022"
"1301","NF24_024","NF24_024"
"1302","NF24_025","NF24_025"
"1303","NF24_026","NF24_026"
"1304","NF24_027","NF24_027"
"1305","NF24_028","NF24_028"
"1306","NF24_029","NF24_029"
"1307","NF24_030","NF24_030"
"1308","NF24_031","NF24_031"
"1309","NF24_032","NF24_032"
"1310","NF24_044","NF24_044"
"1311","NF24_047","NF24_047"
"1312","NF24_049","NF24_049"
"1313","NF24_050","NF24_050"
"1314","NF24_052","NF24_052"
"1315","NF24_053","NF24_053"
"1316","NF24_054","NF24_054"
"1317","NF24_055","NF24_055"
"1318","NF24_056","NF24_056"
"1319","NF24_057","NF24_057"
"1320","NF24_060","NF24_060"
"1321","NF24_061","NF24_061"
"1322","NF24_062","NF24_062"
"1323","NF24_064","NF24_064"
"1324","NF24_066","NF24_066"
"1325","NF24_067","NF24_067"
"1326","NF24_068","NF24_068"
"1327","NF24_069","NF24_069"
"1328","NF24_070","NF24_070"
"1329","NF24_071","NF24_071"
"1330","NF24_072","NF24_072"
"1331","NF24_078","NF24_078"
"1332","NF24_083","NF24_083"
"1333","NF24_085","NF24_085"
"1334","NF24_086","NF24_086"
"1335","NF24_088","NF24_088"
"1336","NF24_089","NF24_089"
"1337","NF24_091","NF24_091"
"1338","NF24_092","NF24_092"
"1339","NF24_093","NF24_093"
"1340","NF24_094","NF24_094"
"1341","NF24_095","NF24_095"
"1342","NF25_001","NF25_001"
"1343","NF25_002","NF25_002"
"1344","NF25_005","NF25_005"
"1345","NF25_006","NF25_006"
"1346","NF25_007","NF25_007"
"1347","NF25_008","NF25_008"
"1348","NF25_010","NF25_010"
"1349","NF25_011","NF25_011"
"1350","NF25_012","NF25_012"
"1351","NF25_013","NF25_013"
"1352","NF25_014","NF25_014"
"1353","NF25_015","NF25_015"
"1354","NF25_016","NF25_016"
"1355","NF25_017","NF25_017"
"1356","NF25_018","NF25_018"
"1357","NF25_019","NF25_019"
"1358","NF25_020","NF25_020"
"1359","NF25_022","NF25_022"
"1360","NF25_023","NF25_023"
"1361","NF25_024","NF25_024"
"1362","NF25_025","NF25_025"
"1363","NF25_026","NF25_026"
"1364","NF25_031","NF25_031"
"1365","NF25_039","NF25_039"
"1366","NF25_040","NF25_040"
"1367","NF25_045","NF25_045"
"1368","NF25_048","NF25_048"
"1369","NF25_050","NF25_050"
"1370","NF25_051","NF25_051"
"1371","NF25_052","NF25_052"
"1372","NF25_053","NF25_053"
"1373","NF25_054","NF25_054"
"1374","NF25_055","NF25_055"
"1375","NF25_056","NF25_056"
"1376","NF25_057","NF25_057"
"1377","NF25_058","NF25_058"
"1378","NF25_061","NF25_061"
"1379","NF25_063","NF25_063"
"1380","NF25_064","NF25_064"
"1381","NF25_066","NF25_066"
"1382","NF25_068","NF25_068"
"1383","NF25_069","NF25_069"
"1384","NF25_070","NF25_070"
"1385","NF25_071","NF25_071"
"1386","NF25_072","NF25_072"
"1387","NF25_074","NF25_074"
"1388","NF25_075","NF25_075"
"1389","NF25_078","NF25_078"
"1390","NF25_079","NF25_079"
"1391","NF25_080","NF25_080"
"1392","NF25_081","NF25_081"
"1393","NF25_083","NF25_083"
"1394","NF25_084","NF25_084"
"1395","NF25_085","NF25_085"
"1396","NF25_086","NF25_086"
"1397","NF25_087","NF25_087"
"1398","NF25_088","NF25_088"
"1399","NF25_089","NF25_089"
"1400","NF25_090","NF25_090"
"1401","NF25_091","NF25_091"
"1402","NF25_092","NF25_092"
"1403","NF25_093","NF25_093"
"1404","NF25_094","NF25_094"
"1405","NF25_095","NF25_095"
"1406","NF25_096","NF25_096"
"1407","NF26_001","NF26_001"
"1408","NF26_002","NF26_002"
"1409","NF26_003","NF26_003"
"1410","NF26_004","NF26_004"
"1411","NF26_005","NF26_005"
"1412","NF26_006","NF26_006"
"1413","NF26_007","NF26_007"
"1414","NF26_008","NF26_008"
"1415","NF26_009","NF26_009"
"1416","NF26_013","NF26_013"
"1417","NF26_014","NF26_014"
"1418","NF26_015","NF26_015"
"1419","NF26_017","NF26_017"
"1420","NF26_018","NF26_018"
"1421","NF26_019","NF26_019"
"1422","NF26_020","NF26_020"
"1423","NF26_021","NF26_021"
"1424","NF26_022","NF26_022"
"1425","NF26_023","NF26_023"
"1426","NF26_024","NF26_024"
"1427","NF26_025","NF26_025"
"1428","NF26_026","NF26_026"
"1429","NF26_027","NF26_027"
"1430","NF26_029","NF26_029"
"1431","NF26_032","NF26_032"
"1432","NF26_034","NF26_034"
"1433","NF26_035","NF26_035"
"1434","NF26_036","NF26_036"
"1435","NF26_037","NF26_037"
"1436","NF26_038","NF26_038"
"1437","NF26_039","NF26_039"
"1438","NF26_040","NF26_040"
"1439","NF26_041","NF26_041"
"1440","NF26_042","NF26_042"
"1441","NF26_043","NF26_043"
"1442","NF26_044","NF26_044"
"1443","NF26_045","NF26_045"
"1444","NF26_046","NF26_046"
"1445","NF26_050","NF26_050"
"1446","NF26_051","NF26_051"
"1447","NF26_052","NF26_052"
"1448","NF26_053","NF26_053"
"1449","NF26_054","NF26_054"
"1450","NF26_055","NF26_055"
"1451","NF26_060","NF26_060"
"1452","NF26_061","NF26_061"
"1453","NF26_064","NF26_064"
"1454","NF26_065","NF26_065"
"1455","NF26_067","NF26_067"
"1456","NF26_070","NF26_070"
"1457","NF26_072","NF26_072"
"1458","NF26_091","NF26_091"
"1459","NF26_094","NF26_094"
"1460","NF26_095","NF26_095"
"1461","NF27_009","NF27_009"
"1462","NF27_014","NF27_014"
"1463","NF27_017","NF27_017"
"1464","NF27_018","NF27_018"
"1465","NF27_019","NF27_019"
"1466","NF27_021","NF27_021"
"1467","NF27_022","NF27_022"
"1468","NF27_023","NF27_023"
"1469","NF27_024","NF27_024"
"1470","NF27_027","NF27_027"
"1471","NF27_030","NF27_030"
"1472","NF27_031","NF27_031"
"1473","NF27_035","NF27_035"
"1474","NF27_036","NF27_036"
"1475","NF27_037","NF27_037"
"1476","NF27_038","NF27_038"
"1477","NF27_039","NF27_039"
"1478","NF27_040","NF27_040"
"1479","NF27_041","NF27_041"
"1480","NF27_042","NF27_042"
"1481","NF27_043","NF27_043"
"1482","NF27_044","NF27_044"
"1483","NF27_045","NF27_045"
"1484","NF27_046","NF27_046"
"1485","NF27_047","NF27_047"
"1486","NF27_048","NF27_048"
"1487","NF27_049","NF27_049"
"1488","NF27_050","NF27_050"
"1489","NF27_051","NF27_051"
"1490","NF27_052","NF27_052"
"1491","NF27_053","NF27_053"
"1492","NF27_054","NF27_054"
"1493","NF27_055","NF27_055"
"1494","NF27_056","NF27_056"
"1495","NF27_057","NF27_057"
"1496","NF27_058","NF27_058"
"1497","NF27_059","NF27_059"
"1498","NF27_060","NF27_060"
"1499","NF27_061","NF27_061"
"1500","NF27_062","NF27_062"
"1501","NF27_063","NF27_063"
"1502","NF27_064","NF27_064"
"1503","NF27_065","NF27_065"
"1504","NF27_066","NF27_066"
"1505","NF27_067","NF27_067"
"1506","NF27_068","NF27_068"
"1507","NF27_069","NF27_069"
"1508","NF27_070","NF27_070"
"1509","NF27_071","NF27_071"
"1510","NF27_072","NF27_072"
"1511","NF27_073","NF27_073"
"1512","NF27_074","NF27_074"
"1513","NF27_077","NF27_077"
"1514","NF27_079","NF27_079"
"1515","NF27_080","NF27_080"
"1516","NF27_081","NF27_081"
"1517","NF27_082","NF27_082"
"1518","NF27_084","NF27_084"
"1519","NF27_085","NF27_085"
"1520","NF27_086","NF27_086"
"1521","NF27_089","NF27_089"
"1522","NF27_090","NF27_090"
"1523","NF27_092","NF27_092"
"1524","NF27_093","NF27_093"
"1525","NF27_096","NF27_096"
"1526","NF_0001:5","NF_0001"
"1527","NF_0004:5","NF_0004"
"1528","NF_0008:5","NF_0008"
"1529","NF_0009:5","NF_0009"
"1530","NF_0035:5","NF_0035"
"1531","NF_0036:5","NF_0036"
"1532","NF_0049:5","NF_0049"
"1533","NF_0054:5","NF_0054"
"1534","NF_0059:5","NF_0059"
"1535","NF_0077:5","NF_0077"
"1536","NF_0078:5","NF_0078"
"1537","NF_0082:5","NF_0082"
"1538","NF_0092:5","NF_0092"
"1539","NF_0093:5","NF_0093"
"1540","NF_0105:5","NF_0105"
"1541","NF_0111:5","NF_0111"
"1542","NF_0118:5","NF_0118"
"1543","NF_0124:5","NF_0124"
"1544","NF_0156:5","NF_0156"
"1545","NF_0177:5","NF_0177"
"1546","NF_0202:5","NF_0202"
"1547","NF_0217:5","NF_0217"
"1548","NF_0220:5","NF_0220"
"1549","NF_0232:5","NF_0232"
"1550","NF_0262:5","NF_0262"
"1551","NF_0266:5","NF_0266"
"1552","NF_0275:5","NF_0275"
"1553","NF_0283:5","NF_0283"
"1554","NF_0287:5","NF_0287"
"1555","NF_0312:5","NF_0312"
"1556","NF_0316:5","NF_0316"
"1557","NF_0367:5","NF_0367"
"1558","NF_0384:5","NF_0384"
"1559","NF_0386:5","NF_0386"
"1560","NF_0388:5","NF_0388"
"1561","NF_0395:5","NF_0395"
"1562","NF_0405:5","NF_0405"
"1563","NF_0410:5","NF_0410"
"1564","NF_0414:5","NF_0414"
"1565","NF_0417:5","NF_0417"
"1566","NF_0420:5","NF_0420"
"1567","NF_0421:5","NF_0421"
"1568","NF_0444:5","NF_0444"
"1569","NF_0449:5","NF_0449"
"1570","NF_0466:5","NF_0466"
"1571","NF_0471:5","NF_0471"
"1572","NF_0474:5","NF_0474"
"1573","NF10_009:5","NF10_009"
"1574","NF10_061:5","NF10_061"
"1575","NF10_068:5","NF10_068"
"1576","NF10_077:5","NF10_077"
"1577","NF10_088:5","NF10_088"
"1578","NF11_010:5","NF11_010"
"1579","NF11_031:5","NF11_031"
"1580","NF11_059:5","NF11_059"
"1581","NF12_025:5","NF12_025"
"1582","NF12_035:5","NF12_035"
"1583","NF12_044:5","NF12_044"
"1584","NF12_052:5","NF12_052"
"1585","NF12_056:5","NF12_056"
"1586","NF12_058:5","NF12_058"
"1587","NF12_083:5","NF12_083"
"1588","NF12_085:5","NF12_085"
"1589","NF12_091:5","NF12_091"
"1590","NF12_095:5","NF12_095"
"1591","NF13_002:5","NF13_002"
"1592","NF13_022:5","NF13_022"
"1593","NF13_026:5","NF13_026"
"1594","NF13_027:5","NF13_027"
"1595","NF13_030:5","NF13_030"
"1596","NF13_034:5","NF13_034"
"1597","NF13_035:5","NF13_035"
"1598","NF13_038:5","NF13_038"
"1599","NF13_040:5","NF13_040"
"1600","NF13_046:5","NF13_046"
"1601","NF13_051:5","NF13_051"
"1602","NF13_060:5","NF13_060"
"1603","NF13_061:5","NF13_061"
"1604","NF13_063:5","NF13_063"
"1605","NF13_065:5","NF13_065"
"1606","NF13_074:5","NF13_074"
"1607","NF14_036:5","NF14_036"
"1608","NF14_048:5","NF14_048"
"1609","NF14_059:5","NF14_059"
"1610","NF14_076:5","NF14_076"
"1611","NF14_077:5","NF14_077"
"1612","NF14_078:5","NF14_078"
"1613","NF14_088:5","NF14_088"
"1614","NF14_093:5","NF14_093"
"1615","NF15_003:5","NF15_003"
"1616","NF15_009:5","NF15_009"
"1617","NF15_015:5","NF15_015"
"1618","NF15_019:5","NF15_019"
"1619","NF15_028:5","NF15_028"
"1620","NF15_029:5","NF15_029"
"1621","NF15_030:5","NF15_030"
"1622","NF15_032:5","NF15_032"
"1623","NF15_044:5","NF15_044"
"1624","NF15_045:5","NF15_045"
"1625","NF15_050:5","NF15_050"
"1626","NF15_058:5","NF15_058"
"1627","NF15_064:5","NF15_064"
"1628","NF15_065:5","NF15_065"
"1629","NF15_066:5","NF15_066"
"1630","NF15_067:5","NF15_067"
"1631","NF15_072:5","NF15_072"
"1632","NF15_073:5","NF15_073"
"1633","NF15_079:5","NF15_079"
"1634","NF15_082:5","NF15_082"
"1635","NF15_086:5","NF15_086"
"1636","NF15_096:5","NF15_096"
"1637","NF16_016:5","NF16_016"
"1638","NF16_017:5","NF16_017"
"1639","NF16_019:5","NF16_019"
"1640","NF16_030:5","NF16_030"
"1641","NF16_050:5","NF16_050"
"1642","NF16_057:5","NF16_057"
"1643","NF16_070:5","NF16_070"
"1644","NF16_073:5","NF16_073"
"1645","NF17_004:5","NF17_004"
"1646","NF17_017:5","NF17_017"
"1647","NF17_024:5","NF17_024"
"1648","NF17_034:5","NF17_034"
"1649","NF17_040:5","NF17_040"
"1650","NF17_042:5","NF17_042"
"1651","NF17_047:5","NF17_047"
"1652","NF17_056:5","NF17_056"
"1653","NF17_058:5","NF17_058"
"1654","NF17_060:5","NF17_060"
"1655","NF17_066:5","NF17_066"
"1656","NF17_070:5","NF17_070"
"1657","NF17_082:5","NF17_082"
"1658","NF17_086:5","NF17_086"
"1659","NF18_006:5","NF18_006"
"1660","NF18_014:5","NF18_014"
"1661","NF18_015:5","NF18_015"
"1662","NF18_016:5","NF18_016"
"1663","NF18_019:5","NF18_019"
"1664","NF18_033:5","NF18_033"
"1665","NF18_036:5","NF18_036"
"1666","NF18_050:5","NF18_050"
"1667","NF18_057:5","NF18_057"
"1668","NF18_065:5","NF18_065"
"1669","NF18_079:5","NF18_079"
"1670","NF19_002:5","NF19_002"
"1671","NF19_006:5","NF19_006"
"1672","NF19_007:5","NF19_007"
"1673","NF19_018:5","NF19_018"
"1674","NF19_027:5","NF19_027"
"1675","NF19_042:5","NF19_042"
"1676","NF19_050:5","NF19_050"
"1677","NF19_062:5","NF19_062"
"1678","NF19_065:5","NF19_065"
"1679","NF19_067:5","NF19_067"
"1680","NF19_068:5","NF19_068"
"1681","NF19_069:5","NF19_069"
"1682","NF19_074:5","NF19_074"
"1683","NF19_075:5","NF19_075"
"1684","NF19_078:5","NF19_078"
"1685","NF19_079:5","NF19_079"
"1686","NF19_085:5","NF19_085"
"1687","NF19_095:5","NF19_095"
"1688","NF20_003:5","NF20_003"
"1689","NF20_016:5","NF20_016"
"1690","NF20_025:5","NF20_025"
"1691","NF20_032:5","NF20_032"
"1692","NF20_040:5","NF20_040"
"1693","NF20_045:5","NF20_045"
"1694","NF20_049:5","NF20_049"
"1695","NF20_051:5","NF20_051"
"1696","NF20_066:5","NF20_066"
"1697","NF20_080:5","NF20_080"
"1698","NF20_089:5","NF20_089"
"1699","NF20_090:5","NF20_090"
"1700","NF21_009:5","NF21_009"
"1701","NF21_046:5","NF21_046"
"1702","NF21_048:5","NF21_048"
"1703","NF21_056:5","NF21_056"
"1704","NF21_087:5","NF21_087"
"1705","NF22_001:5","NF22_001"
"1706","NF22_004:5","NF22_004"
"1707","NF22_007:5","NF22_007"
"1708","NF22_022:5","NF22_022"
"1709","NF22_024:5","NF22_024"
"1710","NF22_031:5","NF22_031"
"1711","NF22_034:5","NF22_034"
"1712","NF22_038:5","NF22_038"
"1713","NF22_039:5","NF22_039"
"1714","NF22_043:5","NF22_043"
"1715","NF22_049:5","NF22_049"
"1716","NF22_050:5","NF22_050"
"1717","NF22_079:5","NF22_079"
"1718","NF22_091:5","NF22_091"
"1719","NF23_001:5","NF23_001"
"1720","NF23_015:5","NF23_015"
"1721","NF23_018:5","NF23_018"
"1722","NF23_024:5","NF23_024"
"1723","NF23_056:5","NF23_056"
"1724","NF23_061:5","NF23_061"
"1725","NF23_069:5","NF23_069"
"1726","NF23_077:5","NF23_077"
"1727","NF23_084:5","NF23_084"
"1728","NF24_003:5","NF24_003"
"1729","NF24_006:5","NF24_006"
"1730","NF24_013:5","NF24_013"
"1731","NF24_021:5","NF24_021"
"1732","NF24_034:5","NF24_034"
"1733","NF24_051:5","NF24_051"
"1734","NF24_059:5","NF24_059"
"1735","NF24_063:5","NF24_063"
"1736","NF24_065:5","NF24_065"
"1737","NF24_073:5","NF24_073"
"1738","NF24_084:5","NF24_084"
"1739","NF24_090:5","NF24_090"
"1740","NF25_003:5","NF25_003"
"1741","NF25_004:5","NF25_004"
"1742","NF25_021:5","NF25_021"
"1743","NF25_027:5","NF25_027"
"1744","NF25_028:5","NF25_028"
"1745","NF25_029:5","NF25_029"
"1746","NF25_030:5","NF25_030"
"1747","NF25_033:5","NF25_033"
"1748","NF25_034:5","NF25_034"
"1749","NF25_037:5","NF25_037"
"1750","NF25_038:5","NF25_038"
"1751","NF25_041:5","NF25_041"
"1752","NF25_042:5","NF25_042"
"1753","NF25_044:5","NF25_044"
"1754","NF25_046:5","NF25_046"
"1755","NF25_047:5","NF25_047"
"1756","NF25_065:5","NF25_065"
"1757","NF25_067:5","NF25_067"
"1758","NF25_073:5","NF25_073"
"1759","NF26_010:5","NF26_010"
"1760","NF26_016:5","NF26_016"
"1761","NF26_030:5","NF26_030"
"1762","NF26_059:5","NF26_059"
"1763","NF26_062:5","NF26_062"
"1764","NF26_063:5","NF26_063"
"1765","NF26_066:5","NF26_066"
"1766","NF26_068:5","NF26_068"
"1767","NF26_069:5","NF26_069"
"1768","NF26_071:5","NF26_071"
"1769","NF26_086:5","NF26_086"
"1770","NF27_001:5","NF27_001"
"1771","NF27_003:5","NF27_003"
"1772","NF27_004:5","NF27_004"
"1773","NF27_005:5","NF27_005"
"1774","NF27_007:5","NF27_007"
"1775","NF27_012:5","NF27_012"
"1776","NF27_013:5","NF27_013"
"1777","NF27_020:5","NF27_020"
"1778","NF27_025:5","NF27_025"
"1779","NF27_026:5","NF27_026"
"1780","NF27_028:5","NF27_028"
"1781","NF27_029:5","NF27_029"
"1782","NF27_033:5","NF27_033"
"1783","NF27_034:5","NF27_034"
"1784","NF27_076:5","NF27_076"
"1785","NF27_083:5","NF27_083"
"1786","NF27_087:5","NF27_087"
"1787","NF27_088:5","NF27_088"
"1788","NF27_091:5","NF27_091"
"1789","NF6_024:5","NF6_024"
"1790","NF6_031:5","NF6_031"
"1791","NF6_059:5","NF6_059"
"1792","NF7_005:5","NF7_005"
"1793","NF7_014:5","NF7_014"
"1794","NF7_041:5","NF7_041"
"1795","NF7_043:5","NF7_043"
"1796","NF7_058:5","NF7_058"
"1797","NF7_071:5","NF7_071"
"1798","NF8_001:5","NF8_001"
"1799","NF8_007:5","NF8_007"
"1800","NF8_015:5","NF8_015"
"1801","NF8_018:5","NF8_018"
"1802","NF8_024:5","NF8_024"
"1803","NF8_037:5","NF8_037"
"1804","NF8_057:5","NF8_057"
"1805","NF9_010:5","NF9_010"
"1806","NF9_019:5","NF9_019"
"1807","NF9_042:5","NF9_042"
"1808","NF9_047:5","NF9_047"
"1809","NF9_049:5","NF9_049"
"1810","NSF_0004:5","NSF_0004"
"1811","NSF_0033:5","NSF_0033"
"1812","NSF_0058:5","NSF_0058"
"1813","NSF_0071:5","NSF_0071"
"1814","BL_10:6","BL_10"
"1815","BL_11:6","BL_11"
"1816","BL_12:6","BL_12"
"1817","BL_13:6","BL_13"
"1818","BL_14:6","BL_14"
"1819","BL_15:6","BL_15"
"1820","BL_18:6","BL_18"
"1821","BL_19:6","BL_19"
"1822","NF_0016:6","NF_0016"
"1823","NF_0018:6","NF_0018"
"1824","NF_0020:6","NF_0020"
"1825","NF_0021:6","NF_0021"
"1826","NF_0024:6","NF_0024"
"1827","NF_0033:6","NF_0033"
"1828","NF_0072:6","NF_0072"
"1829","NF_0075:6","NF_0075"
"1830","NF_0076:6","NF_0076"
"1831","NF_0083:6","NF_0083"
"1832","NF_0089:6","NF_0089"
"1833","NF_0099:6","NF_0099"
"1834","NF_0107:6","NF_0107"
"1835","NF_0129:6","NF_0129"
"1836","NF_0169:6","NF_0169"
"1837","NF_0181:6","NF_0181"
"1838","NF_0197:6","NF_0197"
"1839","NF_0204:6","NF_0204"
"1840","NF_0234:6","NF_0234"
"1841","NF_0238:6","NF_0238"
"1842","NF_0254:6","NF_0254"
"1843","NF_0257:6","NF_0257"
"1844","NF_0268:6","NF_0268"
"1845","NF_0272:6","NF_0272"
"1846","NF_0273:6","NF_0273"
"1847","NF_0337:6","NF_0337"
"1848","NF_0343:6","NF_0343"
"1849","NF_0345:6","NF_0345"
"1850","NF_0347:6","NF_0347"
"1851","NF_0351:6","NF_0351"
"1852","NF_0359:6","NF_0359"
"1853","NF_0363:6","NF_0363"
"1854","NF_0366:6","NF_0366"
"1855","NF_0368:6","NF_0368"
"1856","NF_0393:6","NF_0393"
"1857","NF_0402:6","NF_0402"
"1858","NF_0409:6","NF_0409"
"1859","NF_0424:6","NF_0424"
"1860","NF_0430:6","NF_0430"
"1861","NF_0434:6","NF_0434"
"1862","NF_0436:6","NF_0436"
"1863","NF_0437:6","NF_0437"
"1864","NF_0439:6","NF_0439"
"1865","NF_0440:6","NF_0440"
"1866","NF_0441:6","NF_0441"
"1867","NF_0442:6","NF_0442"
"1868","NF_0446:6","NF_0446"
"1869","NF_0451:6","NF_0451"
"1870","NF_0480:6","NF_0480"
"1871","NF10_041:6","NF10_041"
"1872","NF10_073:6","NF10_073"
"1873","NF10_074:6","NF10_074"
"1874","NF10_076:6","NF10_076"
"1875","NF11_015:6","NF11_015"
"1876","NF11_037:6","NF11_037"
"1877","NF11_092:6","NF11_092"
"1878","NF12_017:6","NF12_017"
"1879","NF12_089:6","NF12_089"
"1880","NF13_008:6","NF13_008"
"1881","NF13_009:6","NF13_009"
"1882","NF13_014:6","NF13_014"
"1883","NF13_017:6","NF13_017"
"1884","NF13_021:6","NF13_021"
"1885","NF13_023:6","NF13_023"
"1886","NF13_036:6","NF13_036"
"1887","NF13_043:6","NF13_043"
"1888","NF13_056:6","NF13_056"
"1889","NF13_059:6","NF13_059"
"1890","NF13_062:6","NF13_062"
"1891","NF13_066:6","NF13_066"
"1892","NF13_067:6","NF13_067"
"1893","NF13_069:6","NF13_069"
"1894","NF13_070:6","NF13_070"
"1895","NF13_072:6","NF13_072"
"1896","NF13_073:6","NF13_073"
"1897","NF13_075:6","NF13_075"
"1898","NF13_082:6","NF13_082"
"1899","NF14_001:6","NF14_001"
"1900","NF14_005:6","NF14_005"
"1901","NF14_006:6","NF14_006"
"1902","NF14_007:6","NF14_007"
"1903","NF14_008:6","NF14_008"
"1904","NF14_011:6","NF14_011"
"1905","NF14_014:6","NF14_014"
"1906","NF14_015:6","NF14_015"
"1907","NF14_017:6","NF14_017"
"1908","NF14_018:6","NF14_018"
"1909","NF14_019:6","NF14_019"
"1910","NF14_022:6","NF14_022"
"1911","NF14_030:6","NF14_030"
"1912","NF14_033:6","NF14_033"
"1913","NF14_035:6","NF14_035"
"1914","NF14_060:6","NF14_060"
"1915","NF14_073:6","NF14_073"
"1916","NF14_074:6","NF14_074"
"1917","NF14_075:6","NF14_075"
"1918","NF14_079:6","NF14_079"
"1919","NF14_080:6","NF14_080"
"1920","NF14_083:6","NF14_083"
"1921","NF14_090:6","NF14_090"
"1922","NF15_010:6","NF15_010"
"1923","NF15_026:6","NF15_026"
"1924","NF15_031:6","NF15_031"
"1925","NF15_036:6","NF15_036"
"1926","NF15_046:6","NF15_046"
"1927","NF15_048:6","NF15_048"
"1928","NF15_062:6","NF15_062"
"1929","NF15_083:6","NF15_083"
"1930","NF15_085:6","NF15_085"
"1931","NF15_087:6","NF15_087"
"1932","NF15_088:6","NF15_088"
"1933","NF15_092:6","NF15_092"
"1934","NF15_094:6","NF15_094"
"1935","NF15_095:6","NF15_095"
"1936","NF16_026:6","NF16_026"
"1937","NF16_029:6","NF16_029"
"1938","NF16_065:6","NF16_065"
"1939","NF16_084:6","NF16_084"
"1940","NF16_085:6","NF16_085"
"1941","NF16_087:6","NF16_087"
"1942","NF16_088:6","NF16_088"
"1943","NF16_090:6","NF16_090"
"1944","NF16_092:6","NF16_092"
"1945","NF16_096:6","NF16_096"
"1946","NF17_001:6","NF17_001"
"1947","NF17_022:6","NF17_022"
"1948","NF17_027:6","NF17_027"
"1949","NF17_028:6","NF17_028"
"1950","NF17_030:6","NF17_030"
"1951","NF17_031:6","NF17_031"
"1952","NF17_033:6","NF17_033"
"1953","NF17_035:6","NF17_035"
"1954","NF17_037:6","NF17_037"
"1955","NF17_041:6","NF17_041"
"1956","NF17_043:6","NF17_043"
"1957","NF17_044:6","NF17_044"
"1958","NF17_045:6","NF17_045"
"1959","NF17_046:6","NF17_046"
"1960","NF17_048:6","NF17_048"
"1961","NF17_059:6","NF17_059"
"1962","NF17_067:6","NF17_067"
"1963","NF17_068:6","NF17_068"
"1964","NF17_076:6","NF17_076"
"1965","NF17_083:6","NF17_083"
"1966","NF17_087:6","NF17_087"
"1967","NF17_090:6","NF17_090"
"1968","NF17_091:6","NF17_091"
"1969","NF17_093:6","NF17_093"
"1970","NF18_001:6","NF18_001"
"1971","NF18_002:6","NF18_002"
"1972","NF18_007:6","NF18_007"
"1973","NF18_010:6","NF18_010"
"1974","NF18_012:6","NF18_012"
"1975","NF18_013:6","NF18_013"
"1976","NF18_018:6","NF18_018"
"1977","NF18_024:6","NF18_024"
"1978","NF18_030:6","NF18_030"
"1979","NF18_056:6","NF18_056"
"1980","NF18_058:6","NF18_058"
"1981","NF18_061:6","NF18_061"
"1982","NF18_092:6","NF18_092"
"1983","NF18_094:6","NF18_094"
"1984","NF19_001:6","NF19_001"
"1985","NF19_005:6","NF19_005"
"1986","NF19_009:6","NF19_009"
"1987","NF19_010:6","NF19_010"
"1988","NF19_014:6","NF19_014"
"1989","NF19_021:6","NF19_021"
"1990","NF19_030:6","NF19_030"
"1991","NF19_033:6","NF19_033"
"1992","NF19_044:6","NF19_044"
"1993","NF19_066:6","NF19_066"
"1994","NF19_083:6","NF19_083"
"1995","NF19_084:6","NF19_084"
"1996","NF19_089:6","NF19_089"
"1997","NF19_091:6","NF19_091"
"1998","NF20_010:6","NF20_010"
"1999","NF20_027:6","NF20_027"
"2000","NF20_029:6","NF20_029"
"2001","NF20_031:6","NF20_031"
"2002","NF20_036:6","NF20_036"
"2003","NF20_038:6","NF20_038"
"2004","NF20_044:6","NF20_044"
"2005","NF20_050:6","NF20_050"
"2006","NF20_073:6","NF20_073"
"2007","NF20_088:6","NF20_088"
"2008","NF20_091:6","NF20_091"
"2009","NF21_016:6","NF21_016"
"2010","NF21_020:6","NF21_020"
"2011","NF21_028:6","NF21_028"
"2012","NF21_034:6","NF21_034"
"2013","NF21_035:6","NF21_035"
"2014","NF21_036:6","NF21_036"
"2015","NF21_037:6","NF21_037"
"2016","NF21_073:6","NF21_073"
"2017","NF21_075:6","NF21_075"
"2018","NF21_083:6","NF21_083"
"2019","NF22_009:6","NF22_009"
"2020","NF22_017:6","NF22_017"
"2021","NF22_018:6","NF22_018"
"2022","NF22_020:6","NF22_020"
"2023","NF22_025:6","NF22_025"
"2024","NF22_028:6","NF22_028"
"2025","NF22_029:6","NF22_029"
"2026","NF22_033:6","NF22_033"
"2027","NF22_041:6","NF22_041"
"2028","NF22_047:6","NF22_047"
"2029","NF22_048:6","NF22_048"
"2030","NF22_073:6","NF22_073"
"2031","NF22_076:6","NF22_076"
"2032","NF23_006:6","NF23_006"
"2033","NF23_012:6","NF23_012"
"2034","NF23_014:6","NF23_014"
"2035","NF23_016:6","NF23_016"
"2036","NF23_019:6","NF23_019"
"2037","NF23_028:6","NF23_028"
"2038","NF23_032:6","NF23_032"
"2039","NF23_033:6","NF23_033"
"2040","NF23_050:6","NF23_050"
"2041","NF23_051:6","NF23_051"
"2042","NF23_068:6","NF23_068"
"2043","NF23_070:6","NF23_070"
"2044","NF23_072:6","NF23_072"
"2045","NF23_073:6","NF23_073"
"2046","NF23_074:6","NF23_074"
"2047","NF23_075:6","NF23_075"
"2048","NF23_076:6","NF23_076"
"2049","NF23_078:6","NF23_078"
"2050","NF24_017:6","NF24_017"
"2051","NF24_020:6","NF24_020"
"2052","NF24_035:6","NF24_035"
"2053","NF24_040:6","NF24_040"
"2054","NF24_048:6","NF24_048"
"2055","NF24_074:6","NF24_074"
"2056","NF24_077:6","NF24_077"
"2057","NF24_096:6","NF24_096"
"2058","NF25_036:6","NF25_036"
"2059","NF25_043:6","NF25_043"
"2060","NF25_059:6","NF25_059"
"2061","NF25_060:6","NF25_060"
"2062","NF25_062:6","NF25_062"
"2063","NF26_012:6","NF26_012"
"2064","NF26_031:6","NF26_031"
"2065","NF26_033:6","NF26_033"
"2066","NF26_049:6","NF26_049"
"2067","NF26_056:6","NF26_056"
"2068","NF26_080:6","NF26_080"
"2069","NF26_087:6","NF26_087"
"2070","NF26_088:6","NF26_088"
"2071","NF26_092:6","NF26_092"
"2072","NF26_093:6","NF26_093"
"2073","NF26_096:6","NF26_096"
"2074","NF27_002:6","NF27_002"
"2075","NF27_032:6","NF27_032"
"2076","NF27_075:6","NF27_075"
"2077","NF27_095:6","NF27_095"
"2078","NF6_069:6","NF6_069"
"2079","NF6_094:6","NF6_094"
"2080","NF8_005:6","NF8_005"
"2081","NF8_052:6","NF8_052"
"2082","NF8_092:6","NF8_092"
"2083","NF9_003:6","NF9_003"
"2084","NF9_005:6","NF9_005"
"2085","NF9_014:6","NF9_014"
"2086","NF9_021:6","NF9_021"
"2087","NF9_044:6","NF9_044"
"2088","NF9_046:6","NF9_046"
"2089","NF9_057:6","NF9_057"
"2090","NF9_058:6","NF9_058"
"2091","NF9_066:6","NF9_066"
"2092","NF9_068:6","NF9_068"
"2093","NF9_070:6","NF9_070"
"2094","NP_0022:6","NP_0022"
"2095","NP_0107:6","NP_0107"
"2096","NP_0129:6","NP_0129"
"2097","NP_0156:6","NP_0156"
"2098","NP_0197:6","NP_0197"
"2099","NP_0235:6","NP_0235"
"2100","NP_0334:6","NP_0334"
"2101","NP_0337:6","NP_0337"
"2102","NP_0339:6","NP_0339"
"2103","NP_0372:6","NP_0372"
"2104","NP_0446:6","NP_0446"
"2105","NP11_010:6","NP11_010"
"2106","NP14_003:6","NP14_003"
"2107","NP14_033:6","NP14_033"
"2108","NP14_073:6","NP14_073"
"2109","NP15_010:6","NP15_010"
"2110","NP15_088:6","NP15_088"
"2111","NP17_068:6","NP17_068"
"2112","NP20_069:6","NP20_069"
"2113","NP8_005:6","NP8_005"
"2114","NP8_052:6","NP8_052"
"2115","NP8_058:6","NP8_058"
"2116","NS_001:6","NS_001"
"2117","NS_002:6","NS_002"
"2118","NS_003:6","NS_003"
"2119","NS_004:6","NS_004"
"2120","NS_012:6","NS_012"
"2121","NS_013:6","NS_013"
"2122","NS_042:6","NS_042"
"2123","NS_046:6","NS_046"
"2124","NS_049:6","NS_049"
"2125","NS_051:6","NS_051"
"2126","NS_054:6","NS_054"
"2127","NS_116:6","NS_116"
"2128","NS_73:6","NS_73"
"2129","NS_74:6","NS_74"
"2130","NS_76:6","NS_76"
"2131","NS_77:6","NS_77"
"2132","NS_80:6","NS_80"
"2133","NSF_0009:6","NSF_0009"
"2134","NSF_0010:6","NSF_0010"
"2135","NSF_0011:6","NSF_0011"
"2136","NSF_0015:6","NSF_0015"
"2137","NSF_0016:6","NSF_0016"
"2138","NSF_0020:6","NSF_0020"
"2139","NSF_0022:6","NSF_0022"
"2140","NSF_0031:6","NSF_0031"
"2141","NSF_0035:6","NSF_0035"
"2142","NSF_0038:6","NSF_0038"
"2143","NSF_0046:6","NSF_0046"
"2144","NSF_0047:6","NSF_0047"
"2145","NSF_0049:6","NSF_0049"
"2146","NSF_0052:6","NSF_0052"
"2147","NSF_0053:6","NSF_0053"
"2148","NSF_0057:6","NSF_0057"
"2149","NSF_0059:6","NSF_0059"
"2150","NSF_0060:6","NSF_0060"
"2151","NSF_0062:6","NSF_0062"
"2152","NSF_0063:6","NSF_0063"
"2153","NSF_0065:6","NSF_0065"
"2154","NSF_0066:6","NSF_0066"
"2155","NSF_0067:6","NSF_0067"
"2156","NSF_0068:6","NSF_0068"
"2157","NSF_0069:6","NSF_0069"
"2158","NF_0023:7","NF_0023"
"2159","NF_0060:7","NF_0060"
"2160","NF_0073:7","NF_0073"
"2161","NF_0091:7","NF_0091"
"2162","NF_0126:7","NF_0126"
"2163","NF_0137:7","NF_0137"
"2164","NF_0145:7","NF_0145"
"2165","NF_0211:7","NF_0211"
"2166","NF_0226:7","NF_0226"
"2167","NF_0227:7","NF_0227"
"2168","NF_0230:7","NF_0230"
"2169","NF_0246:7","NF_0246"
"2170","NF_0258:7","NF_0258"
"2171","NF_0263:7","NF_0263"
"2172","NF_0264:7","NF_0264"
"2173","NF_0352:7","NF_0352"
"2174","NF_0369:7","NF_0369"
"2175","NF_0411:7","NF_0411"
"2176","NF_0412:7","NF_0412"
"2177","NF_0413:7","NF_0413"
"2178","NF_0415:7","NF_0415"
"2179","NF_0416:7","NF_0416"
"2180","NF_0419:7","NF_0419"
"2181","NF_0423:7","NF_0423"
"2182","NF_0425:7","NF_0425"
"2183","NF_0427:7","NF_0427"
"2184","NF_0429:7","NF_0429"
"2185","NF_0467:7","NF_0467"
"2186","NF_0469:7","NF_0469"
"2187","NF_0470:7","NF_0470"
"2188","NF_0472:7","NF_0472"
"2189","NF_0473:7","NF_0473"
"2190","NF_0475:7","NF_0475"
"2191","NF_0477:7","NF_0477"
"2192","NF_0479:7","NF_0479"
"2193","NF10_011:7","NF10_011"
"2194","NF10_027:7","NF10_027"
"2195","NF10_059:7","NF10_059"
"2196","NF11_002:7","NF11_002"
"2197","NF11_009:7","NF11_009"
"2198","NF11_033:7","NF11_033"
"2199","NF11_034:7","NF11_034"
"2200","NF11_040:7","NF11_040"
"2201","NF12_015:7","NF12_015"
"2202","NF12_033:7","NF12_033"
"2203","NF12_065:7","NF12_065"
"2204","NF12_066:7","NF12_066"
"2205","NF13_004:7","NF13_004"
"2206","NF13_016:7","NF13_016"
"2207","NF13_025:7","NF13_025"
"2208","NF13_028:7","NF13_028"
"2209","NF13_039:7","NF13_039"
"2210","NF13_079:7","NF13_079"
"2211","NF14_002:7","NF14_002"
"2212","NF14_010:7","NF14_010"
"2213","NF14_028:7","NF14_028"
"2214","NF15_014:7","NF15_014"
"2215","NF15_027:7","NF15_027"
"2216","NF15_053:7","NF15_053"
"2217","NF15_068:7","NF15_068"
"2218","NF15_070:7","NF15_070"
"2219","NF15_080:7","NF15_080"
"2220","NF15_081:7","NF15_081"
"2221","NF15_089:7","NF15_089"
"2222","NF15_090:7","NF15_090"
"2223","NF15_091:7","NF15_091"
"2224","NF16_004:7","NF16_004"
"2225","NF16_013:7","NF16_013"
"2226","NF16_015:7","NF16_015"
"2227","NF16_018:7","NF16_018"
"2228","NF17_069:7","NF17_069"
"2229","NF18_025:7","NF18_025"
"2230","NF18_031:7","NF18_031"
"2231","NF18_062:7","NF18_062"
"2232","NF18_066:7","NF18_066"
"2233","NF18_095:7","NF18_095"
"2234","NF19_031:7","NF19_031"
"2235","NF19_070:7","NF19_070"
"2236","NF19_077:7","NF19_077"
"2237","NF19_087:7","NF19_087"
"2238","NF19_094:7","NF19_094"
"2239","NF20_075:7","NF20_075"
"2240","NF20_096:7","NF20_096"
"2241","NF21_017:7","NF21_017"
"2242","NF21_044:7","NF21_044"
"2243","NF21_059:7","NF21_059"
"2244","NF21_078:7","NF21_078"
"2245","NF21_079:7","NF21_079"
"2246","NF21_080:7","NF21_080"
"2247","NF22_019:7","NF22_019"
"2248","NF22_035:7","NF22_035"
"2249","NF22_036:7","NF22_036"
"2250","NF22_082:7","NF22_082"
"2251","NF23_002:7","NF23_002"
"2252","NF23_004:7","NF23_004"
"2253","NF23_011:7","NF23_011"
"2254","NF23_035:7","NF23_035"
"2255","NF23_059:7","NF23_059"
"2256","NF23_079:7","NF23_079"
"2257","NF23_086:7","NF23_086"
"2258","NF24_023:7","NF24_023"
"2259","NF24_039:7","NF24_039"
"2260","NF25_032:7","NF25_032"
"2261","NF25_035:7","NF25_035"
"2262","NF26_076:7","NF26_076"
"2263","NF27_015:7","NF27_015"
"2264","NF6_053:7","NF6_053"
"2265","NF6_076:7","NF6_076"
"2266","NF7_001:7","NF7_001"
"2267","NF7_002:7","NF7_002"
"2268","NF7_003:7","NF7_003"
"2269","NF7_008:7","NF7_008"
"2270","NF7_020:7","NF7_020"
"2271","NF7_048:7","NF7_048"
"2272","NF8_014:7","NF8_014"
"2273","NF8_017:7","NF8_017"
"2274","NF8_032:7","NF8_032"
"2275","NF8_039:7","NF8_039"
"2276","NF8_042:7","NF8_042"
"2277","NF8_044:7","NF8_044"
"2278","NF8_046:7","NF8_046"
"2279","NF8_048:7","NF8_048"
"2280","NF8_054:7","NF8_054"
"2281","NF8_056:7","NF8_056"
"2282","NF8_080:7","NF8_080"
"2283","NF8_086:7","NF8_086"
"2284","NF9_007:7","NF9_007"
"2285","NF9_016:7","NF9_016"
"2286","NF9_031:7","NF9_031"
"2287","NF9_053:7","NF9_053"
"2288","NF9_061:7","NF9_061"
"2289","NF9_071:7","NF9_071"
"2290","NF9_089:7","NF9_089"
"2291","NS_008:7","NS_008"
"2292","NS_120:7","NS_120"
"2293","NS_124:7","NS_124"
"2294","NSF_0070:7","NSF_0070"
"2295","NSF_0072:7","NSF_0072"
